firm,DUVOL
3IINFOTECH,1.5614687565804488
ABAN,0.3776014272799666
